{
"lengthUnit": "mil",
"components": {
	"fields": ["COMPONENT_NO", "COMPONENT_NAME", "LAYER", "X_COORDINATE", "Y_COORDINATE", "ANGLE"],
	"rows": [
		[1, "100R", "T", 2935.48, -647.02, 0],
		[2, "100RN1", "T", 3465.48, -646.78, 0],
		[3, "BT1", "B", 3205.35, -954.65, 270],
		[4, "BTNL", "T", 2990.35, -1179.65, 0],
		[5, "BTNR", "T", 3420.35, -1179.65, 0],
		[6, "LEDL", "T", 2938.5, -855.03, 0],
		[7, "LEDR", "T", 3468.5, -855.27, 0],
		[8, "U1", "T", 3195.35, -719.65, 270]
	]
},
"pins": {
	"fields": ["PIN_NO", "PIN_NAME", "PIN_X", "PIN_Y", "LAYER", "PIN_TYPE", "NET_NAME", "NET_TYPE", "PAD_SHAPE", "PAD_SIZEX", "PAD_SIZEY", "HOLE_SIZE", "PAD_ANGLE"],
	"rows": [
		[1, "100R_1", 2896.11, -647.02, "T", "SMD", "GND", "GND", "R", 44.59, 54.21, 0, 0],
		[2, "100R_2", 2974.85, -647.02, "T", "SMD", "$1N1055", "", "R", 44.59, 54.21, 0, 0],
		[3, "100RN1_1", 3426.11, -646.78, "T", "SMD", "GND", "GND", "R", 44.59, 54.21, 0, 0],
		[4, "100RN1_2", 3504.85, -646.78, "T", "SMD", "$1N1057", "", "R", 44.59, 54.21, 0, 0],
		[5, "BT1_1", 2736.85, -954.65, "B", "SMD", "VCC", "", "R", 118.11, 118.11, 0, 270],
		[6, "BT1_1", 3673.85, -954.65, "B", "SMD", "VCC", "", "R", 118.11, 118.11, 0, 270],
		[7, "BT1_2", 3200.35, -954.65, "B", "SMD", "GND", "GND", "C", 551.18, 551.18, 0, 270],
		[8, "BTNL_1", 2825, -1091.07, "T", "SMD", "GND", "GND", "R", 74.8, 51.18, 0, 0],
		[9, "BTNL_2", 3155.7, -1091.07, "T", "SMD", "GND", "GND", "R", 74.8, 51.18, 0, 0],
		[10, "BTNL_3", 2825, -1268.23, "T", "SMD", "D1", "", "R", 74.8, 51.18, 0, 0],
		[11, "BTNL_4", 3155.7, -1268.23, "T", "SMD", "D1", "", "R", 74.8, 51.18, 0, 0],
		[12, "BTNR_1", 3255, -1091.07, "T", "SMD", "GND", "GND", "R", 74.8, 51.18, 0, 0],
		[13, "BTNR_2", 3585.7, -1091.07, "T", "SMD", "GND", "GND", "R", 74.8, 51.18, 0, 0],
		[14, "BTNR_3", 3255, -1268.23, "T", "SMD", "D2", "", "R", 74.8, 51.18, 0, 0],
		[15, "BTNR_4", 3585.7, -1268.23, "T", "SMD", "D2", "", "R", 74.8, 51.18, 0, 0],
		[16, "LEDL_1", 2979.85, -855.03, "T", "SMD", "D4", "", "R", 39.37, 55.1, 0, 180],
		[17, "LEDL_2", 2897.15, -855.03, "T", "SMD", "$1N1057", "", "R", 39.37, 55.1, 0, 180],
		[18, "LEDR_1", 3509.85, -855.27, "T", "SMD", "D3", "", "R", 39.37, 55.1, 0, 180],
		[19, "LEDR_2", 3427.15, -855.27, "T", "SMD", "$1N1055", "", "R", 39.37, 55.1, 0, 180],
		[20, "U1_1", 3087.48, -644.65, "T", "SMD", "U1_1", "", "O", 23.62, 59.84, 0, 90],
		[21, "U1_2", 3087.48, -694.65, "T", "SMD", "D3", "", "O", 23.62, 59.84, 0, 90],
		[22, "U1_3", 3087.48, -744.65, "T", "SMD", "D4", "", "O", 23.62, 59.84, 0, 90],
		[23, "U1_4", 3087.48, -794.65, "T", "SMD", "GND", "GND", "O", 23.62, 59.84, 0, 90],
		[24, "U1_5", 3303.22, -794.65, "T", "SMD", "U1_5", "", "O", 23.62, 59.84, 0, 90],
		[25, "U1_6", 3303.22, -744.65, "T", "SMD", "D1", "", "O", 23.62, 59.84, 0, 90],
		[26, "U1_7", 3303.22, -694.65, "T", "SMD", "D2", "", "O", 23.62, 59.84, 0, 90],
		[27, "U1_8", 3303.22, -644.65, "T", "SMD", "VCC", "", "O", 23.62, 59.84, 0, 90]
	]
}
}